membership:sample_set_id	sample
All_normals_TWIST	SM-IF6I5
All_normals_TWIST	SM-IF6H4
All_normals_TWIST	SM-IF6GR
All_normals_TWIST	SM-IF6HG
All_normals_TWIST	SM-IF6IT
All_normals_TWIST	SM-IF6IH
All_normals_TWIST	SM-IF6HH
All_normals_TWIST	SM-IF6HS
All_samples_TWIST	SM-IF6I5
All_samples_TWIST	SM-IF6H5
All_samples_TWIST	SM-IF6GR
All_samples_TWIST	SM-IF6GV
All_samples_TWIST	SM-IF6HG
All_samples_TWIST	SM-IF6I7
All_samples_TWIST	SM-IF6GJ
All_samples_TWIST	SM-IF6HW
All_samples_TWIST	SM-IF6IL
All_samples_TWIST	SM-IF6H6
All_samples_TWIST	SM-IF6GW
All_samples_TWIST	SM-IF6H8
All_samples_TWIST	SM-IF6I9
All_samples_TWIST	SM-IF6II
All_samples_TWIST	SM-IF6IU
All_samples_TWIST	SM-IF6HS
All_samples_TWIST	SM-IF6IV
All_samples_TWIST	SM-IF6HL
All_samples_TWIST	SM-IF6IA
All_samples_TWIST	SM-IF6HJ
All_samples_TWIST	SM-IF6HX
All_samples_TWIST	SM-IF6GI
All_samples_TWIST	SM-IF6IH
All_samples_TWIST	SM-IF6IK
All_samples_TWIST	SM-IF6GH
All_samples_TWIST	SM-IF6GS
All_samples_TWIST	SM-IF6H4
All_samples_TWIST	SM-IF6GK
All_samples_TWIST	SM-IF6GG
All_samples_TWIST	SM-IF6HU
All_samples_TWIST	SM-IF6H7
All_samples_TWIST	SM-IF6IT
All_samples_TWIST	SM-IF6H9
All_samples_TWIST	SM-IF6HV
All_samples_TWIST	SM-IF6I8
All_samples_TWIST	SM-IF6HI
All_samples_TWIST	SM-IF6IM
All_samples_TWIST	SM-IF6I6
All_samples_TWIST	SM-IF6IX
All_samples_TWIST	SM-IF6IY
All_samples_TWIST	SM-IF6IJ
All_samples_TWIST	SM-IF6IW
All_samples_TWIST	SM-IF6GU
All_samples_TWIST	SM-IF6GT
All_samples_TWIST	SM-IF6HH
All_samples_TWIST	SM-IF6HK
All_samples_TWIST	SM-IF6HT
CCLF_TWIST1_all	SM-IF6I5
CCLF_TWIST1_all	SM-IF6H5
CCLF_TWIST1_all	SM-IF6GR
CCLF_TWIST1_all	SM-IF6GV
CCLF_TWIST1_all	SM-IF6HG
CCLF_TWIST1_all	SM-IF6I7
CCLF_TWIST1_all	SM-IF6GJ
CCLF_TWIST1_all	SM-IF6HW
CCLF_TWIST1_all	SM-IF6IL
CCLF_TWIST1_all	SM-IF6H6
CCLF_TWIST1_all	SM-IF6GW
CCLF_TWIST1_all	SM-IF6H8
CCLF_TWIST1_all	SM-IF6I9
CCLF_TWIST1_all	SM-IF6II
CCLF_TWIST1_all	SM-IF6IU
CCLF_TWIST1_all	SM-IF6HS
CCLF_TWIST1_all	SM-IF6IV
CCLF_TWIST1_all	SM-IF6HL
CCLF_TWIST1_all	SM-IF6IA
CCLF_TWIST1_all	SM-IF6HJ
CCLF_TWIST1_all	SM-IF6HX
CCLF_TWIST1_all	SM-IF6GI
CCLF_TWIST1_all	SM-IF6IH
CCLF_TWIST1_all	SM-IF6IK
CCLF_TWIST1_all	SM-IF6GH
CCLF_TWIST1_all	SM-IF6GS
CCLF_TWIST1_all	SM-IF6H4
CCLF_TWIST1_all	SM-IF6GK
CCLF_TWIST1_all	SM-IF6GG
CCLF_TWIST1_all	SM-IF6HU
CCLF_TWIST1_all	SM-IF6H7
CCLF_TWIST1_all	SM-IF6IT
CCLF_TWIST1_all	SM-IF6H9
CCLF_TWIST1_all	SM-IF6HV
CCLF_TWIST1_all	SM-IF6I8
CCLF_TWIST1_all	SM-IF6HI
CCLF_TWIST1_all	SM-IF6IM
CCLF_TWIST1_all	SM-IF6I6
CCLF_TWIST1_all	SM-IF6IX
CCLF_TWIST1_all	SM-IF6IY
CCLF_TWIST1_all	SM-IF6IJ
CCLF_TWIST1_all	SM-IF6IW
CCLF_TWIST1_all	SM-IF6GU
CCLF_TWIST1_all	SM-IF6GT
CCLF_TWIST1_all	SM-IF6HH
CCLF_TWIST1_all	SM-IF6HK
CCLF_TWIST1_all	SM-IF6HT
CCLF_TWIST1_normals	SM-IF6I5
CCLF_TWIST1_normals	SM-IF6H4
CCLF_TWIST1_normals	SM-IF6GR
CCLF_TWIST1_normals	SM-IF6HG
CCLF_TWIST1_normals	SM-IF6IT
CCLF_TWIST1_normals	SM-IF6IH
CCLF_TWIST1_normals	SM-IF6HH
CCLF_TWIST1_normals	SM-IF6HS
CCLF_TWIST1_tumors	SM-IF6H5
CCLF_TWIST1_tumors	SM-IF6GV
CCLF_TWIST1_tumors	SM-IF6I7
CCLF_TWIST1_tumors	SM-IF6GJ
CCLF_TWIST1_tumors	SM-IF6HW
CCLF_TWIST1_tumors	SM-IF6IL
CCLF_TWIST1_tumors	SM-IF6H6
CCLF_TWIST1_tumors	SM-IF6GW
CCLF_TWIST1_tumors	SM-IF6H8
CCLF_TWIST1_tumors	SM-IF6I9
CCLF_TWIST1_tumors	SM-IF6II
CCLF_TWIST1_tumors	SM-IF6IU
CCLF_TWIST1_tumors	SM-IF6IV
CCLF_TWIST1_tumors	SM-IF6HL
CCLF_TWIST1_tumors	SM-IF6IA
CCLF_TWIST1_tumors	SM-IF6HJ
CCLF_TWIST1_tumors	SM-IF6HX
CCLF_TWIST1_tumors	SM-IF6GI
CCLF_TWIST1_tumors	SM-IF6IK
CCLF_TWIST1_tumors	SM-IF6GH
CCLF_TWIST1_tumors	SM-IF6GS
CCLF_TWIST1_tumors	SM-IF6HU
CCLF_TWIST1_tumors	SM-IF6GK
CCLF_TWIST1_tumors	SM-IF6GG
CCLF_TWIST1_tumors	SM-IF6H7
CCLF_TWIST1_tumors	SM-IF6H9
CCLF_TWIST1_tumors	SM-IF6HV
CCLF_TWIST1_tumors	SM-IF6I8
CCLF_TWIST1_tumors	SM-IF6HI
CCLF_TWIST1_tumors	SM-IF6IM
CCLF_TWIST1_tumors	SM-IF6I6
CCLF_TWIST1_tumors	SM-IF6IX
CCLF_TWIST1_tumors	SM-IF6IY
CCLF_TWIST1_tumors	SM-IF6IJ
CCLF_TWIST1_tumors	SM-IF6IW
CCLF_TWIST1_tumors	SM-IF6GU
CCLF_TWIST1_tumors	SM-IF6GT
CCLF_TWIST1_tumors	SM-IF6HK
CCLF_TWIST1_tumors	SM-IF6HT
COHORT_AA	SM-IF6HL
COHORT_AA	SM-IF6GS
COHORT_AA	SM-IF6H7
COHORT_AA	SM-IF6H9
COHORT_AA	SM-IF6IL
COHORT_AA	SM-IF6I9
COHORT_AA	SM-IF6IK
COHORT_AB	SM-IF6GW
COHORT_AB	SM-IF6IY
COHORT_BT	SM-IF6GH
COHORT_BT	SM-IF6IA
COHORT_BT	SM-IF6IV
COHORT_BT	SM-IF6GV
COHORT_BT	SM-IF6I7
COHORT_BT	SM-IF6GU
COHORT_BT	SM-IF6HJ
COHORT_BT	SM-IF6GJ
COHORT_BT	SM-IF6HX
COHORT_BT	SM-IF6GI
COHORT_BT	SM-IF6HW
COHORT_BT	SM-IF6HI
COHORT_BT	SM-IF6H6
COHORT_BT	SM-IF6HK
COHORT_BT	SM-IF6H8
COHORT_BU	SM-IF6HH
COHORT_CCLF_RCRF	SM-IF6H4
COHORT_CCLF_RCRF	SM-IF6IX
COHORT_CCLF_RCRF	SM-IF6IM
COHORT_CY	SM-IF6GG
COHORT_CY	SM-IF6HV
COHORT_CY	SM-IF6H5
COHORT_PEDS	SM-IF6I5
COHORT_PEDS	SM-IF6IJ
COHORT_PEDS	SM-IF6HU
COHORT_PEDS	SM-IF6GK
COHORT_PEDS	SM-IF6GR
COHORT_PEDS	SM-IF6HG
COHORT_PEDS	SM-IF6IT
COHORT_PEDS	SM-IF6IW
COHORT_PEDS	SM-IF6GT
COHORT_PEDS	SM-IF6IU
COHORT_PEDS	SM-IF6I6
COHORT_PEDS	SM-IF6I8
COHORT_PEDS	SM-IF6IH
COHORT_PEDS	SM-IF6II
COHORT_PEDS	SM-IF6HT
COHORT_PEDS	SM-IF6HS
