entity:sample_set_id	cnv_calls_tn_img_unsegmented	cnv_calls_tn_img_unsegmented_aligned	cnv_calls_tn_raw_unsegmented	cnv_calls_tn_raw_unsegmented_sample_ids	fng_diffs_matching	fng_indivs_not_matching	res_fingerprinting	aggregate_snvs
All_normals_TWIST								
All_samples_TWIST								
CCLF_TWIST1_all	gs://fc-ed07d172-7980-475e-81de-108a694a3532/acc6d4f2-252e-461c-8315-c83c50213940/PlotSomaticCNVMaps/9f3097b9-310a-4957-8044-80b7a0adba05/call-plotSomaticCNVMaps/CCLF_TWIST1_all.cnv_calls_unsegmented.png	gs://fc-ed07d172-7980-475e-81de-108a694a3532/acc6d4f2-252e-461c-8315-c83c50213940/PlotSomaticCNVMaps/9f3097b9-310a-4957-8044-80b7a0adba05/call-plotSomaticCNVMaps/CCLF_TWIST1_all.cnv_calls_unsegmented.aligned.png	gs://fc-ed07d172-7980-475e-81de-108a694a3532/acc6d4f2-252e-461c-8315-c83c50213940/PlotSomaticCNVMaps/9f3097b9-310a-4957-8044-80b7a0adba05/call-plotSomaticCNVMaps/CCLF_TWIST1_all.cnv_calls_unsegmented.txt	gs://fc-ed07d172-7980-475e-81de-108a694a3532/acc6d4f2-252e-461c-8315-c83c50213940/PlotSomaticCNVMaps/9f3097b9-310a-4957-8044-80b7a0adba05/call-plotSomaticCNVMaps/CCLF_TWIST1_all.cnv_calls_unsegmented.sample_ids.aligned.txt	gs://fc-ed07d172-7980-475e-81de-108a694a3532/800992f4-d457-472b-b017-7c3476dcaa53/FNG_Query_db/b64d3afb-b6ee-411e-aa08-998fdb1295ea/call-query_fng_db/CCLF_TWIST1_all.res_fp_mstLikelyMatches_summary.final.txt	gs://fc-ed07d172-7980-475e-81de-108a694a3532/800992f4-d457-472b-b017-7c3476dcaa53/FNG_Query_db/b64d3afb-b6ee-411e-aa08-998fdb1295ea/call-query_fng_db/CCLF_TWIST1_all.failedSamples.NotMatchingIndivs.txt	gs://fc-ed07d172-7980-475e-81de-108a694a3532/800992f4-d457-472b-b017-7c3476dcaa53/FNG_Query_db/b64d3afb-b6ee-411e-aa08-998fdb1295ea/call-query_fng_db/CCLF_TWIST1_all.res_fp.txt	
CCLF_TWIST1_normals								gs://fc-ed07d172-7980-475e-81de-108a694a3532/ae12839f-a025-48a0-9c1c-42ded20a8a93/SNVPostProcessingNormals/c49b8395-6dd9-4d6f-9871-a1a2517c1faf/call-aggregateSNVs/CCLF_TWIST1_normals.aggregate_somatic_SNVs.txt
CCLF_TWIST1_tumors								
COHORT_AA	gs://fc-ed07d172-7980-475e-81de-108a694a3532/de450fc3-f8eb-48a9-91d5-7b57a7d2a192/PlotSomaticCNVMaps/8bec761f-b607-4d95-b7f1-5498e9c8304b/call-plotSomaticCNVMaps/COHORT_AA.cnv_calls_unsegmented.png	gs://fc-ed07d172-7980-475e-81de-108a694a3532/de450fc3-f8eb-48a9-91d5-7b57a7d2a192/PlotSomaticCNVMaps/8bec761f-b607-4d95-b7f1-5498e9c8304b/call-plotSomaticCNVMaps/COHORT_AA.cnv_calls_unsegmented.aligned.png	gs://fc-ed07d172-7980-475e-81de-108a694a3532/de450fc3-f8eb-48a9-91d5-7b57a7d2a192/PlotSomaticCNVMaps/8bec761f-b607-4d95-b7f1-5498e9c8304b/call-plotSomaticCNVMaps/COHORT_AA.cnv_calls_unsegmented.txt	gs://fc-ed07d172-7980-475e-81de-108a694a3532/de450fc3-f8eb-48a9-91d5-7b57a7d2a192/PlotSomaticCNVMaps/8bec761f-b607-4d95-b7f1-5498e9c8304b/call-plotSomaticCNVMaps/COHORT_AA.cnv_calls_unsegmented.sample_ids.aligned.txt				
COHORT_AB	gs://fc-ed07d172-7980-475e-81de-108a694a3532/741ecd3c-0f91-4eb8-8792-f64e902ecb58/PlotSomaticCNVMaps/69ec070d-28d7-4a81-9532-035ed56d3630/call-plotSomaticCNVMaps/COHORT_AB.cnv_calls_unsegmented.png	gs://fc-ed07d172-7980-475e-81de-108a694a3532/741ecd3c-0f91-4eb8-8792-f64e902ecb58/PlotSomaticCNVMaps/69ec070d-28d7-4a81-9532-035ed56d3630/call-plotSomaticCNVMaps/COHORT_AB.cnv_calls_unsegmented.aligned.png	gs://fc-ed07d172-7980-475e-81de-108a694a3532/741ecd3c-0f91-4eb8-8792-f64e902ecb58/PlotSomaticCNVMaps/69ec070d-28d7-4a81-9532-035ed56d3630/call-plotSomaticCNVMaps/COHORT_AB.cnv_calls_unsegmented.txt	gs://fc-ed07d172-7980-475e-81de-108a694a3532/741ecd3c-0f91-4eb8-8792-f64e902ecb58/PlotSomaticCNVMaps/69ec070d-28d7-4a81-9532-035ed56d3630/call-plotSomaticCNVMaps/COHORT_AB.cnv_calls_unsegmented.sample_ids.aligned.txt				
COHORT_BT	gs://fc-ed07d172-7980-475e-81de-108a694a3532/dfc8424e-a597-4e6f-aa51-a89ede69148c/PlotSomaticCNVMaps/c465dc8d-8469-41a7-a45a-739fc68d3e0e/call-plotSomaticCNVMaps/COHORT_BT.cnv_calls_unsegmented.png	gs://fc-ed07d172-7980-475e-81de-108a694a3532/dfc8424e-a597-4e6f-aa51-a89ede69148c/PlotSomaticCNVMaps/c465dc8d-8469-41a7-a45a-739fc68d3e0e/call-plotSomaticCNVMaps/COHORT_BT.cnv_calls_unsegmented.aligned.png	gs://fc-ed07d172-7980-475e-81de-108a694a3532/dfc8424e-a597-4e6f-aa51-a89ede69148c/PlotSomaticCNVMaps/c465dc8d-8469-41a7-a45a-739fc68d3e0e/call-plotSomaticCNVMaps/COHORT_BT.cnv_calls_unsegmented.txt	gs://fc-ed07d172-7980-475e-81de-108a694a3532/dfc8424e-a597-4e6f-aa51-a89ede69148c/PlotSomaticCNVMaps/c465dc8d-8469-41a7-a45a-739fc68d3e0e/call-plotSomaticCNVMaps/COHORT_BT.cnv_calls_unsegmented.sample_ids.aligned.txt				
COHORT_BU								
COHORT_CCLF_RCRF	gs://fc-ed07d172-7980-475e-81de-108a694a3532/9150bed8-eb3f-47a2-9aa8-9200ea8bfd54/PlotSomaticCNVMaps/1e365b7c-21a0-48d9-9a0b-7426e4d1ed98/call-plotSomaticCNVMaps/COHORT_CCLF_RCRF.cnv_calls_unsegmented.png	gs://fc-ed07d172-7980-475e-81de-108a694a3532/9150bed8-eb3f-47a2-9aa8-9200ea8bfd54/PlotSomaticCNVMaps/1e365b7c-21a0-48d9-9a0b-7426e4d1ed98/call-plotSomaticCNVMaps/COHORT_CCLF_RCRF.cnv_calls_unsegmented.aligned.png	gs://fc-ed07d172-7980-475e-81de-108a694a3532/9150bed8-eb3f-47a2-9aa8-9200ea8bfd54/PlotSomaticCNVMaps/1e365b7c-21a0-48d9-9a0b-7426e4d1ed98/call-plotSomaticCNVMaps/COHORT_CCLF_RCRF.cnv_calls_unsegmented.txt	gs://fc-ed07d172-7980-475e-81de-108a694a3532/9150bed8-eb3f-47a2-9aa8-9200ea8bfd54/PlotSomaticCNVMaps/1e365b7c-21a0-48d9-9a0b-7426e4d1ed98/call-plotSomaticCNVMaps/COHORT_CCLF_RCRF.cnv_calls_unsegmented.sample_ids.aligned.txt				
COHORT_CY	gs://fc-ed07d172-7980-475e-81de-108a694a3532/f7820c50-0976-40d2-b527-1aee0abbd94e/PlotSomaticCNVMaps/8583c0de-f78b-47c3-847e-bbb7fe32bf62/call-plotSomaticCNVMaps/COHORT_CY.cnv_calls_unsegmented.png	gs://fc-ed07d172-7980-475e-81de-108a694a3532/f7820c50-0976-40d2-b527-1aee0abbd94e/PlotSomaticCNVMaps/8583c0de-f78b-47c3-847e-bbb7fe32bf62/call-plotSomaticCNVMaps/COHORT_CY.cnv_calls_unsegmented.aligned.png	gs://fc-ed07d172-7980-475e-81de-108a694a3532/f7820c50-0976-40d2-b527-1aee0abbd94e/PlotSomaticCNVMaps/8583c0de-f78b-47c3-847e-bbb7fe32bf62/call-plotSomaticCNVMaps/COHORT_CY.cnv_calls_unsegmented.txt	gs://fc-ed07d172-7980-475e-81de-108a694a3532/f7820c50-0976-40d2-b527-1aee0abbd94e/PlotSomaticCNVMaps/8583c0de-f78b-47c3-847e-bbb7fe32bf62/call-plotSomaticCNVMaps/COHORT_CY.cnv_calls_unsegmented.sample_ids.aligned.txt				
COHORT_PEDS	gs://fc-ed07d172-7980-475e-81de-108a694a3532/6f29402d-1ec3-4a55-bea9-0f3853c885f5/PlotSomaticCNVMaps/1acf66aa-983e-46d1-8760-3f71a3045f4a/call-plotSomaticCNVMaps/COHORT_PEDS.cnv_calls_unsegmented.png	gs://fc-ed07d172-7980-475e-81de-108a694a3532/6f29402d-1ec3-4a55-bea9-0f3853c885f5/PlotSomaticCNVMaps/1acf66aa-983e-46d1-8760-3f71a3045f4a/call-plotSomaticCNVMaps/COHORT_PEDS.cnv_calls_unsegmented.aligned.png	gs://fc-ed07d172-7980-475e-81de-108a694a3532/6f29402d-1ec3-4a55-bea9-0f3853c885f5/PlotSomaticCNVMaps/1acf66aa-983e-46d1-8760-3f71a3045f4a/call-plotSomaticCNVMaps/COHORT_PEDS.cnv_calls_unsegmented.txt	gs://fc-ed07d172-7980-475e-81de-108a694a3532/6f29402d-1ec3-4a55-bea9-0f3853c885f5/PlotSomaticCNVMaps/1acf66aa-983e-46d1-8760-3f71a3045f4a/call-plotSomaticCNVMaps/COHORT_PEDS.cnv_calls_unsegmented.sample_ids.aligned.txt				
NA								
