membership:pair_set_id	pair
CCLF_TWIST1_pairs	SM-IF6GJ_NA
CCLF_TWIST1_pairs	SM-IF6HK_NA
CCLF_TWIST1_pairs	SM-IF6HW_NA
CCLF_TWIST1_pairs	SM-IF6IK_NA
CCLF_TWIST1_pairs	SM-IF6GT_NA
CCLF_TWIST1_pairs	SM-IF6HT_NA
CCLF_TWIST1_pairs	SM-IF6I6_NA
CCLF_TWIST1_pairs	SM-IF6IU_NA
CCLF_TWIST1_pairs	SM-IF6GU_NA
CCLF_TWIST1_pairs	SM-IF6IX_NA
CCLF_TWIST1_pairs	SM-IF6IY_NA
CCLF_TWIST1_pairs	SM-IF6GV_NA
CCLF_TWIST1_pairs	SM-IF6HI_NA
CCLF_TWIST1_pairs	SM-IF6IJ_NA
CCLF_TWIST1_pairs	SM-IF6H7_NA
CCLF_TWIST1_pairs	SM-IF6H9_NA
CCLF_TWIST1_pairs	SM-IF6GG_NA
CCLF_TWIST1_pairs	SM-IF6H5_NA
CCLF_TWIST1_pairs	SM-IF6HV_NA
CCLF_TWIST1_pairs	SM-IF6II_NA
CCLF_TWIST1_pairs	SM-IF6GI_NA
CCLF_TWIST1_pairs	SM-IF6I7_NA
CCLF_TWIST1_pairs	SM-IF6IA_NA
CCLF_TWIST1_pairs	SM-IF6H8_NA
CCLF_TWIST1_pairs	SM-IF6GS_NA
CCLF_TWIST1_pairs	SM-IF6HL_NA
CCLF_TWIST1_pairs	SM-IF6GK_NA
CCLF_TWIST1_pairs	SM-IF6HU_SM-IF6IT
CCLF_TWIST1_pairs	SM-IF6I8_SM-IF6IT
CCLF_TWIST1_pairs	SM-IF6IW_SM-IF6IT
CCLF_TWIST1_pairs	SM-IF6IV_NA
CCLF_TWIST1_pairs	SM-IF6GH_NA
CCLF_TWIST1_pairs	SM-IF6H6_NA
CCLF_TWIST1_pairs	SM-IF6HJ_NA
CCLF_TWIST1_pairs	SM-IF6IM_NA
CCLF_TWIST1_pairs	SM-IF6I9_NA
CCLF_TWIST1_pairs	SM-IF6GW_NA
CCLF_TWIST1_pairs	SM-IF6HX_NA
CCLF_TWIST1_pairs	SM-IF6IL_NA
COHORT_AA	SM-IF6IK_NA
COHORT_AA	SM-IF6H9_NA
COHORT_AA	SM-IF6HL_NA
COHORT_AA	SM-IF6GS_NA
COHORT_AA	SM-IF6H7_NA
COHORT_AA	SM-IF6I9_NA
COHORT_AA	SM-IF6IL_NA
COHORT_AB	SM-IF6IY_NA
COHORT_AB	SM-IF6GW_NA
COHORT_BT	SM-IF6H6_NA
COHORT_BT	SM-IF6HX_NA
COHORT_BT	SM-IF6I7_NA
COHORT_BT	SM-IF6IV_NA
COHORT_BT	SM-IF6IA_NA
COHORT_BT	SM-IF6HW_NA
COHORT_BT	SM-IF6HI_NA
COHORT_BT	SM-IF6H8_NA
COHORT_BT	SM-IF6GU_NA
COHORT_BT	SM-IF6HK_NA
COHORT_BT	SM-IF6GH_NA
COHORT_BT	SM-IF6GV_NA
COHORT_BT	SM-IF6HJ_NA
COHORT_BT	SM-IF6GJ_NA
COHORT_BT	SM-IF6GI_NA
COHORT_CCLF_RCRF	SM-IF6IM_NA
COHORT_CCLF_RCRF	SM-IF6IX_NA
COHORT_CY	SM-IF6H5_NA
COHORT_CY	SM-IF6GG_NA
COHORT_CY	SM-IF6HV_NA
COHORT_PEDS	SM-IF6GK_NA
COHORT_PEDS	SM-IF6GT_NA
COHORT_PEDS	SM-IF6IJ_NA
COHORT_PEDS	SM-IF6II_NA
COHORT_PEDS	SM-IF6IW_SM-IF6IT
COHORT_PEDS	SM-IF6IU_NA
COHORT_PEDS	SM-IF6I6_NA
COHORT_PEDS	SM-IF6HU_SM-IF6IT
COHORT_PEDS	SM-IF6I8_SM-IF6IT
COHORT_PEDS	SM-IF6HT_NA
